<?xml version="1.0" encoding="UTF-8"?><rss version="2.0"
	xmlns:content="http://purl.org/rss/1.0/modules/content/"
	xmlns:wfw="http://wellformedweb.org/CommentAPI/"
	xmlns:dc="http://purl.org/dc/elements/1.1/"
	xmlns:atom="http://www.w3.org/2005/Atom"
	xmlns:sy="http://purl.org/rss/1.0/modules/syndication/"
	xmlns:slash="http://purl.org/rss/1.0/modules/slash/"
	>

<channel>
	<title>Lawyer&amp;Co</title>
	<atom:link href="http://lawyer.webtemplatemasters.com/feed/" rel="self" type="application/rss+xml" />
	<link>http://lawyer.webtemplatemasters.com</link>
	<description>Just another WordPress site</description>
	<lastBuildDate>Thu, 24 Aug 2017 20:29:32 +0000</lastBuildDate>
	<language>en-US</language>
	<sy:updatePeriod>hourly</sy:updatePeriod>
	<sy:updateFrequency>1</sy:updateFrequency>
	<generator>https://wordpress.org/?v=4.8.5</generator>
	<item>
		<title>America&#8217;s Best Corporate Law Firms</title>
		<link>http://lawyer.webtemplatemasters.com/americas-best-corporate-law-firms/</link>
		<comments>http://lawyer.webtemplatemasters.com/americas-best-corporate-law-firms/#comments</comments>
		<pubDate>Mon, 10 Jul 2017 23:49:36 +0000</pubDate>
		<dc:creator><![CDATA[David Dorsey]]></dc:creator>
				<category><![CDATA[Law Articles]]></category>
		<category><![CDATA[Lawyers]]></category>
		<category><![CDATA[Uncategorized]]></category>
		<category><![CDATA[Lawyer]]></category>
		<category><![CDATA[Practice]]></category>

		<guid isPermaLink="false">http://lawyer.webtemplatemasters.com/?p=415</guid>
		<description><![CDATA[Quisque consectetur lacinia felis, posumassa fermentum metus nibh, tincidunt luctus hendrerit, iaculis suspendisse potent Praesent sit amet rhoncus nisi. Etiam tristique velit ut felis ultrices pulvinar. Ut elit leo, condimentum consectetur tincidunt malesuada lorem. Phasellus imperdiet risus eget augue fermentum pharetra magna lacus, viverra eu laoreet sed, aliquet orci. Mauris a varius dui.]]></description>
				<content:encoded><![CDATA[<p>Quisque consectetur lacinia felis, posumassa fermentum metus nibh, tincidunt luctus hendrerit, iaculis suspendisse potent Praesent sit amet rhoncus nisi. Etiam tristique velit ut felis ultrices pulvinar. Ut elit leo, condimentum consectetur tincidunt malesuada lorem. Phasellus imperdiet risus eget augue fermentum pharetra magna lacus, viverra eu laoreet sed, aliquet orci. Mauris a varius dui.</p>
<p>Nullam quis aliquet velit. Mauris elit lacus, pretium pharetra bibendum sit amet, dapibus tincidunt nunc. Donec est metus, blandit id elementum euismod, facilisis quis dolor. Cum sociis natoque penatibus et magnis dis parturient montes, nascetur ridiculus mus. Nunc in risus in turpis consectetur tincidunt at quis ipsum. Duis pharetra volutpat vulputate. Mauris fringilla convallis dolor et aliquet. Nullam vitae sem enim, a sodales velit. Nulla eu magna vel metus rutrum ullamcorper. Phasellus sit amet semper neque. Class aptent taciti sociosqu ad litora torquent per conubia.</p>
<blockquote><p>Amet magna rhoncus, ultrices purus sed, egestas turpis. Suspendisse potenti. Praesent sit amet rhoncus nisi. Etiam tristique velit felis ultrices pulvinar.</p></blockquote>
<p>Quisque consectetur lacinia felis, posumassa fermentum metus nibh, tincidunt luctus hendrerit, iaculis suspendisse potent Praesent sit amet rhoncus nisi. Etiam tristique velit ut felis ultrices pulvinar. Ut elit leo, condimentum consectetur tincidunt malesuada lorem. Phasellus imperdiet risus eget augue fermentum pharetra magna lacus, viverra eu laoreet sed, aliquet orci. Mauris a varius dui.</p>
<ul>
<li>Quisque consectetur lacinia fermentum natoque consectetur</li>
<li>Phasellus imperdiet risus eget augue fermentum</li>
<li>tincidunt luctus hendrerit tincidunt suspendisse potent velit</li>
<li>Praesent sit amet rhoncus etiam tristique velit ut felis ultrices pulvinar</li>
<li>Ut elit leo, condimentum consectetur</li>
</ul>
]]></content:encoded>
			<wfw:commentRss>http://lawyer.webtemplatemasters.com/americas-best-corporate-law-firms/feed/</wfw:commentRss>
		<slash:comments>2</slash:comments>
		</item>
		<item>
		<title>Managing Tax Risks in Challenging Times</title>
		<link>http://lawyer.webtemplatemasters.com/managing-tax-risks-in-challenging-times/</link>
		<comments>http://lawyer.webtemplatemasters.com/managing-tax-risks-in-challenging-times/#comments</comments>
		<pubDate>Mon, 10 Jul 2017 23:48:10 +0000</pubDate>
		<dc:creator><![CDATA[David Dorsey]]></dc:creator>
				<category><![CDATA[Law Articles]]></category>
		<category><![CDATA[Lawyers]]></category>
		<category><![CDATA[Uncategorized]]></category>
		<category><![CDATA[Lawyer]]></category>
		<category><![CDATA[Practice]]></category>

		<guid isPermaLink="false">http://lawyer.webtemplatemasters.com/?p=414</guid>
		<description><![CDATA[Nullam quis aliquet velit. Mauris elit lacus, pretium pharetra bibendum sit amet, dapibus tincidunt nunc. Donec est metus, blandit id elementum euismod, facilisis quis dolor. Cum sociis natoque penatibus et magnis dis parturient montes, nascetur ridiculus mus. Nunc in risus in turpis consectetur tincidunt at quis ipsum. Duis pharetra volutpat vulputate. Mauris fringilla convallis dolor et aliquet. Nullam vitae sem enim, a sodales velit. Nulla eu magna vel metus rutrum ullamcorper. Phasellus sit amet semper neque. Class aptent taciti sociosqu ad litora torquent per conubia.]]></description>
				<content:encoded><![CDATA[<p>Quisque consectetur lacinia felis, posumassa fermentum metus nibh, tincidunt luctus hendrerit, iaculis suspendisse potent Praesent sit amet rhoncus nisi. Etiam tristique velit ut felis ultrices pulvinar. Ut elit leo, condimentum consectetur tincidunt malesuada lorem. Phasellus imperdiet risus eget augue fermentum pharetra magna lacus, viverra eu laoreet sed, aliquet orci. Mauris a varius dui.</p>
<p>Nullam quis aliquet velit. Mauris elit lacus, pretium pharetra bibendum sit amet, dapibus tincidunt nunc. Donec est metus, blandit id elementum euismod, facilisis quis dolor. Cum sociis natoque penatibus et magnis dis parturient montes, nascetur ridiculus mus. Nunc in risus in turpis consectetur tincidunt at quis ipsum. Duis pharetra volutpat vulputate. Mauris fringilla convallis dolor et aliquet. Nullam vitae sem enim, a sodales velit. Nulla eu magna vel metus rutrum ullamcorper. Phasellus sit amet semper neque. Class aptent taciti sociosqu ad litora torquent per conubia.</p>
<blockquote><p>Amet magna rhoncus, ultrices purus sed, egestas turpis. Suspendisse potenti. Praesent sit amet rhoncus nisi. Etiam tristique velit felis ultrices pulvinar.</p></blockquote>
<p>Quisque consectetur lacinia felis, posumassa fermentum metus nibh, tincidunt luctus hendrerit, iaculis suspendisse potent Praesent sit amet rhoncus nisi. Etiam tristique velit ut felis ultrices pulvinar. Ut elit leo, condimentum consectetur tincidunt malesuada lorem. Phasellus imperdiet risus eget augue fermentum pharetra magna lacus, viverra eu laoreet sed, aliquet orci. Mauris a varius dui.</p>
<ul>
<li>Quisque consectetur lacinia fermentum natoque consectetur</li>
<li>Phasellus imperdiet risus eget augue fermentum</li>
<li>tincidunt luctus hendrerit tincidunt suspendisse potent velit</li>
<li>Praesent sit amet rhoncus etiam tristique velit ut felis ultrices pulvinar</li>
<li>Ut elit leo, condimentum consectetur</li>
</ul>
]]></content:encoded>
			<wfw:commentRss>http://lawyer.webtemplatemasters.com/managing-tax-risks-in-challenging-times/feed/</wfw:commentRss>
		<slash:comments>2</slash:comments>
		</item>
		<item>
		<title>Top Consumer Law Issues We Were Talking About in 2015</title>
		<link>http://lawyer.webtemplatemasters.com/top-consumer-law-issues-we-were-talking-about-in-2015/</link>
		<comments>http://lawyer.webtemplatemasters.com/top-consumer-law-issues-we-were-talking-about-in-2015/#comments</comments>
		<pubDate>Mon, 10 Jul 2017 23:46:55 +0000</pubDate>
		<dc:creator><![CDATA[David Dorsey]]></dc:creator>
				<category><![CDATA[Law Articles]]></category>
		<category><![CDATA[Lawyers]]></category>
		<category><![CDATA[Uncategorized]]></category>
		<category><![CDATA[Lawyer]]></category>
		<category><![CDATA[Practice]]></category>

		<guid isPermaLink="false">http://lawyer.webtemplatemasters.com/?p=413</guid>
		<description><![CDATA[Quisque consectetur lacinia felis, posumassa fermentum metus nibh, tincidunt luctus hendrerit, iaculis suspendisse potent Praesent sit amet rhoncus nisi. Etiam tristique velit ut felis ultrices pulvinar. Ut elit leo, condimentum consectetur tincidunt malesuada lorem. Phasellus imperdiet risus eget augue fermentum pharetra magna lacus, viverra eu laoreet sed, aliquet orci. Mauris a varius dui.]]></description>
				<content:encoded><![CDATA[<p>Quisque consectetur lacinia felis, posumassa fermentum metus nibh, tincidunt luctus hendrerit, iaculis suspendisse potent Praesent sit amet rhoncus nisi. Etiam tristique velit ut felis ultrices pulvinar. Ut elit leo, condimentum consectetur tincidunt malesuada lorem. Phasellus imperdiet risus eget augue fermentum pharetra magna lacus, viverra eu laoreet sed, aliquet orci. Mauris a varius dui.</p>
<p>Nullam quis aliquet velit. Mauris elit lacus, pretium pharetra bibendum sit amet, dapibus tincidunt nunc. Donec est metus, blandit id elementum euismod, facilisis quis dolor. Cum sociis natoque penatibus et magnis dis parturient montes, nascetur ridiculus mus. Nunc in risus in turpis consectetur tincidunt at quis ipsum. Duis pharetra volutpat vulputate. Mauris fringilla convallis dolor et aliquet. Nullam vitae sem enim, a sodales velit. Nulla eu magna vel metus rutrum ullamcorper. Phasellus sit amet semper neque. Class aptent taciti sociosqu ad litora torquent per conubia.</p>
<blockquote><p>Amet magna rhoncus, ultrices purus sed, egestas turpis. Suspendisse potenti. Praesent sit amet rhoncus nisi. Etiam tristique velit felis ultrices pulvinar.</p></blockquote>
<p>Quisque consectetur lacinia felis, posumassa fermentum metus nibh, tincidunt luctus hendrerit, iaculis suspendisse potent Praesent sit amet rhoncus nisi. Etiam tristique velit ut felis ultrices pulvinar. Ut elit leo, condimentum consectetur tincidunt malesuada lorem. Phasellus imperdiet risus eget augue fermentum pharetra magna lacus, viverra eu laoreet sed, aliquet orci. Mauris a varius dui.</p>
<ul>
<li>Quisque consectetur lacinia fermentum natoque consectetur</li>
<li>Phasellus imperdiet risus eget augue fermentum</li>
<li>tincidunt luctus hendrerit tincidunt suspendisse potent velit</li>
<li>Praesent sit amet rhoncus etiam tristique velit ut felis ultrices pulvinar</li>
<li>Ut elit leo, condimentum consectetur</li>
</ul>
]]></content:encoded>
			<wfw:commentRss>http://lawyer.webtemplatemasters.com/top-consumer-law-issues-we-were-talking-about-in-2015/feed/</wfw:commentRss>
		<slash:comments>2</slash:comments>
		</item>
		<item>
		<title>European Council Adopts Insurance Distribution Directive</title>
		<link>http://lawyer.webtemplatemasters.com/european-council-adopts-insurance-distribution-directive/</link>
		<comments>http://lawyer.webtemplatemasters.com/european-council-adopts-insurance-distribution-directive/#comments</comments>
		<pubDate>Mon, 10 Jul 2017 23:46:04 +0000</pubDate>
		<dc:creator><![CDATA[David Dorsey]]></dc:creator>
				<category><![CDATA[Law Articles]]></category>
		<category><![CDATA[Lawyers]]></category>
		<category><![CDATA[Uncategorized]]></category>
		<category><![CDATA[Lawyer]]></category>
		<category><![CDATA[Practice]]></category>

		<guid isPermaLink="false">http://lawyer.webtemplatemasters.com/?p=412</guid>
		<description><![CDATA[Quisque consectetur lacinia felis, posumassa fermentum metus nibh, tincidunt luctus hendrerit, iaculis suspendisse potent Praesent sit amet rhoncus nisi. Etiam tristique velit ut felis ultrices pulvinar. Ut elit leo, condimentum consectetur tincidunt malesuada lorem. Phasellus imperdiet risus eget augue fermentum pharetra magna lacus, viverra eu laoreet sed, aliquet orci. Mauris a varius dui.]]></description>
				<content:encoded><![CDATA[<p>Quisque consectetur lacinia felis, posumassa fermentum metus nibh, tincidunt luctus hendrerit, iaculis suspendisse potent Praesent sit amet rhoncus nisi. Etiam tristique velit ut felis ultrices pulvinar. Ut elit leo, condimentum consectetur tincidunt malesuada lorem. Phasellus imperdiet risus eget augue fermentum pharetra magna lacus, viverra eu laoreet sed, aliquet orci. Mauris a varius dui.</p>
<p>Nullam quis aliquet velit. Mauris elit lacus, pretium pharetra bibendum sit amet, dapibus tincidunt nunc. Donec est metus, blandit id elementum euismod, facilisis quis dolor. Cum sociis natoque penatibus et magnis dis parturient montes, nascetur ridiculus mus. Nunc in risus in turpis consectetur tincidunt at quis ipsum. Duis pharetra volutpat vulputate. Mauris fringilla convallis dolor et aliquet. Nullam vitae sem enim, a sodales velit. Nulla eu magna vel metus rutrum ullamcorper. Phasellus sit amet semper neque. Class aptent taciti sociosqu ad litora torquent per conubia.</p>
<blockquote><p>Amet magna rhoncus, ultrices purus sed, egestas turpis. Suspendisse potenti. Praesent sit amet rhoncus nisi. Etiam tristique velit felis ultrices pulvinar.</p></blockquote>
<p>Quisque consectetur lacinia felis, posumassa fermentum metus nibh, tincidunt luctus hendrerit, iaculis suspendisse potent Praesent sit amet rhoncus nisi. Etiam tristique velit ut felis ultrices pulvinar. Ut elit leo, condimentum consectetur tincidunt malesuada lorem. Phasellus imperdiet risus eget augue fermentum pharetra magna lacus, viverra eu laoreet sed, aliquet orci. Mauris a varius dui.</p>
<ul>
<li>Quisque consectetur lacinia fermentum natoque consectetur</li>
<li>Phasellus imperdiet risus eget augue fermentum</li>
<li>tincidunt luctus hendrerit tincidunt suspendisse potent velit</li>
<li>Praesent sit amet rhoncus etiam tristique velit ut felis ultrices pulvinar</li>
<li>Ut elit leo, condimentum consectetur</li>
</ul>
]]></content:encoded>
			<wfw:commentRss>http://lawyer.webtemplatemasters.com/european-council-adopts-insurance-distribution-directive/feed/</wfw:commentRss>
		<slash:comments>2</slash:comments>
		</item>
		<item>
		<title>The Privacy, Data Protection and Cybersecurity Law Review</title>
		<link>http://lawyer.webtemplatemasters.com/the-privacy-data-protection-and-cybersecurity-law-review-2/</link>
		<comments>http://lawyer.webtemplatemasters.com/the-privacy-data-protection-and-cybersecurity-law-review-2/#comments</comments>
		<pubDate>Mon, 10 Jul 2017 22:44:06 +0000</pubDate>
		<dc:creator><![CDATA[David Dorsey]]></dc:creator>
				<category><![CDATA[Law Articles]]></category>
		<category><![CDATA[Lawyers]]></category>
		<category><![CDATA[Uncategorized]]></category>
		<category><![CDATA[Lawyer]]></category>
		<category><![CDATA[Practice]]></category>

		<guid isPermaLink="false">http://lawyer.webtemplatemasters.com/?p=411</guid>
		<description><![CDATA[Quisque consectetur lacinia felis, posumassa fermentum metus nibh, tincidunt luctus hendrerit, iaculis suspendisse potent Praesent sit amet rhoncus nisi. Etiam tristique velit ut felis ultrices pulvinar. Ut elit leo, condimentum consectetur tincidunt malesuada lorem. Phasellus imperdiet risus eget augue fermentum pharetra magna lacus, viverra eu laoreet sed, aliquet orci. Mauris a varius dui.]]></description>
				<content:encoded><![CDATA[<blockquote><p>Amet magna rhoncus, ultrices purus sed, egestas turpis. Suspendisse potenti. Praesent sit amet rhoncus nisi. Etiam tristique velit felis ultrices pulvinar. Ut elit leo, condimentum nec consectetur non, tincidunt malesuada lorem. Phasellus imperdiet risus eget augue fermentum pharetra. Curabitur magna lacus, viverra eu laoreet sed, aliquet et orci. Mauris a varius dui.</p></blockquote>
<p><span id="more-411"></span></p>
<blockquote><p>Quisque consectetur lacinia felis, posumassa fermentum metus nibh, tincidunt luctus hendrerit, iaculis suspendisse potent Praesent sit amet rhoncus nisi. Etiam tristique velit ut felis ultrices pulvinar. Ut elit leo, condimentum consectetur tincidunt malesuada lorem. Phasellus imperdiet risus eget augue fermentum pharetra magna lacus, viverra eu laoreet sed, aliquet orci. Mauris a varius dui.</p></blockquote>
<p>Nullam quis aliquet velit. Mauris elit lacus, pretium pharetra bibendum sit amet, dapibus tincidunt nunc. Donec est metus, blandit id elementum euismod, facilisis quis dolor. Cum sociis natoque penatibus et magnis dis parturient montes, nascetur ridiculus mus. Nunc in risus in turpis consectetur tincidunt at quis ipsum. Duis pharetra volutpat vulputate. Mauris fringilla convallis dolor et aliquet. Nullam vitae sem enim, a sodales velit. Nulla eu magna vel metus rutrum ullamcorper. Phasellus sit amet semper neque. Class aptent taciti sociosqu ad litora torquent per conubia.</p>
<blockquote><p>Amet magna rhoncus, ultrices purus sed, egestas turpis. Suspendisse potenti. Praesent sit amet rhoncus nisi. Etiam tristique velit felis ultrices pulvinar.</p></blockquote>
<p>Quisque consectetur lacinia felis, posumassa fermentum metus nibh, tincidunt luctus hendrerit, iaculis suspendisse potent Praesent sit amet rhoncus nisi. Etiam tristique velit ut felis ultrices pulvinar. Ut elit leo, condimentum consectetur tincidunt malesuada lorem. Phasellus imperdiet risus eget augue fermentum pharetra magna lacus, viverra eu laoreet sed, aliquet orci. Mauris a varius dui.</p>
<ul>
<li>Quisque consectetur lacinia fermentum natoque consectetur</li>
<li>Phasellus imperdiet risus eget augue fermentum</li>
<li>tincidunt luctus hendrerit tincidunt suspendisse potent velit</li>
<li>Praesent sit amet rhoncus etiam tristique velit ut felis ultrices pulvinar</li>
<li>Ut elit leo, condimentum consectetur</li>
</ul>
]]></content:encoded>
			<wfw:commentRss>http://lawyer.webtemplatemasters.com/the-privacy-data-protection-and-cybersecurity-law-review-2/feed/</wfw:commentRss>
		<slash:comments>2</slash:comments>
		</item>
		<item>
		<title>The Privacy, Data Protection and Cybersecurity Law Review</title>
		<link>http://lawyer.webtemplatemasters.com/the-privacy-data-protection-and-cybersecurity-law-review/</link>
		<comments>http://lawyer.webtemplatemasters.com/the-privacy-data-protection-and-cybersecurity-law-review/#comments</comments>
		<pubDate>Thu, 22 Jun 2017 22:21:23 +0000</pubDate>
		<dc:creator><![CDATA[David Dorsey]]></dc:creator>
				<category><![CDATA[Law Articles]]></category>
		<category><![CDATA[Lawyers]]></category>
		<category><![CDATA[Uncategorized]]></category>
		<category><![CDATA[Lawyer]]></category>
		<category><![CDATA[Practice]]></category>

		<guid isPermaLink="false">http://lawyer.webtemplatemasters.com/?p=67</guid>
		<description><![CDATA[Quisque consectetur lacinia felis, posumassa fermentum metus nibh, tincidunt luctus hendrerit, iaculis suspendisse potent Praesent sit amet rhoncus nisi. Etiam tristique velit ut felis ultrices pulvinar. Ut elit leo, condimentum consectetur tincidunt malesuada lorem. Phasellus imperdiet risus eget augue fermentum pharetra magna lacus, viverra eu laoreet sed, aliquet orci. Mauris a varius dui.]]></description>
				<content:encoded><![CDATA[<p>Quisque consectetur lacinia felis, posumassa fermentum metus nibh, tincidunt luctus hendrerit, iaculis suspendisse potent Praesent sit amet rhoncus nisi. Etiam tristique velit ut felis ultrices pulvinar. Ut elit leo, condimentum consectetur tincidunt malesuada lorem. Phasellus imperdiet risus eget augue fermentum pharetra magna lacus, viverra eu laoreet sed, aliquet orci. Mauris a varius dui.</p>
<p>Nullam quis aliquet velit. Mauris elit lacus, pretium pharetra bibendum sit amet, dapibus tincidunt nunc. Donec est metus, blandit id elementum euismod, facilisis quis dolor. Cum sociis natoque penatibus et magnis dis parturient montes, nascetur ridiculus mus. Nunc in risus in turpis consectetur tincidunt at quis ipsum. Duis pharetra volutpat vulputate. Mauris fringilla convallis dolor et aliquet. Nullam vitae sem enim, a sodales velit. Nulla eu magna vel metus rutrum ullamcorper. Phasellus sit amet semper neque. Class aptent taciti sociosqu ad litora torquent per conubia.</p>
<blockquote><p>Amet magna rhoncus, ultrices purus sed, egestas turpis. Suspendisse potenti. Praesent sit amet rhoncus nisi. Etiam tristique velit felis ultrices pulvinar.</p></blockquote>
<p>Quisque consectetur lacinia felis, posumassa fermentum metus nibh, tincidunt luctus hendrerit, iaculis suspendisse potent Praesent sit amet rhoncus nisi. Etiam tristique velit ut felis ultrices pulvinar. Ut elit leo, condimentum consectetur tincidunt malesuada lorem. Phasellus imperdiet risus eget augue fermentum pharetra magna lacus, viverra eu laoreet sed, aliquet orci. Mauris a varius dui.</p>
<ul>
<li>Quisque consectetur lacinia fermentum natoque consectetur</li>
<li>Phasellus imperdiet risus eget augue fermentum</li>
<li>tincidunt luctus hendrerit tincidunt suspendisse potent velit</li>
<li>Praesent sit amet rhoncus etiam tristique velit ut felis ultrices pulvinar</li>
<li>Ut elit leo, condimentum consectetur</li>
</ul>
]]></content:encoded>
			<wfw:commentRss>http://lawyer.webtemplatemasters.com/the-privacy-data-protection-and-cybersecurity-law-review/feed/</wfw:commentRss>
		<slash:comments>2</slash:comments>
		</item>
		<item>
		<title>The Privacy, Data Protection and Cybersecurity Law Review</title>
		<link>http://lawyer.webtemplatemasters.com/the-privacy-data-protection-and-cybersecurity-law-review-3/</link>
		<comments>http://lawyer.webtemplatemasters.com/the-privacy-data-protection-and-cybersecurity-law-review-3/#respond</comments>
		<pubDate>Thu, 15 Jun 2017 15:15:09 +0000</pubDate>
		<dc:creator><![CDATA[David Dorsey]]></dc:creator>
				<category><![CDATA[Publications]]></category>
		<category><![CDATA[Lawyer]]></category>
		<category><![CDATA[Practice]]></category>

		<guid isPermaLink="false">http://lawyer.webtemplatemasters.com/?p=616</guid>
		<description><![CDATA[Quisque consectetur lacinia felis, posumassa fermentum metus nibh, tincidunt luctus hendrerit, iaculis suspendisse potent Praesent sit amet rhoncus nisi. Etiam tristique velit ut felis ultrices pulvinar. Ut elit leo, condimentum consectetur tincidunt malesuada lorem. Phasellus imperdiet risus eget augue fermentum pharetra magna lacus, viverra eu laoreet sed, aliquet orci. Mauris a varius dui.]]></description>
				<content:encoded><![CDATA[<p>Quisque consectetur lacinia felis, posumassa fermentum metus nibh, tincidunt luctus hendrerit, iaculis suspendisse potent Praesent sit amet rhoncus nisi. Etiam tristique velit ut felis ultrices pulvinar. Ut elit leo, condimentum consectetur tincidunt malesuada lorem. Phasellus imperdiet risus eget augue fermentum pharetra magna lacus, viverra eu laoreet sed, aliquet orci. Mauris a varius dui.</p>
<p>Nullam quis aliquet velit. Mauris elit lacus, pretium pharetra bibendum sit amet, dapibus tincidunt nunc. Donec est metus, blandit id elementum euismod, facilisis quis dolor. Cum sociis natoque penatibus et magnis dis parturient montes, nascetur ridiculus mus. Nunc in risus in turpis consectetur tincidunt at quis ipsum. Duis pharetra volutpat vulputate. Mauris fringilla convallis dolor et aliquet. Nullam vitae sem enim, a sodales velit. Nulla eu magna vel metus rutrum ullamcorper. Phasellus sit amet semper neque. Class aptent taciti sociosqu ad litora torquent per conubia.</p>
<blockquote><p>Amet magna rhoncus, ultrices purus sed, egestas turpis. Suspendisse potenti. Praesent sit amet rhoncus nisi. Etiam tristique velit felis ultrices pulvinar.</p></blockquote>
<p>Quisque consectetur lacinia felis, posumassa fermentum metus nibh, tincidunt luctus hendrerit, iaculis suspendisse potent Praesent sit amet rhoncus nisi. Etiam tristique velit ut felis ultrices pulvinar. Ut elit leo, condimentum consectetur tincidunt malesuada lorem. Phasellus imperdiet risus eget augue fermentum pharetra magna lacus, viverra eu laoreet sed, aliquet orci. Mauris a varius dui.</p>
<ul>
<li>Quisque consectetur lacinia fermentum natoque consectetur</li>
<li>Phasellus imperdiet risus eget augue fermentum</li>
<li>tincidunt luctus hendrerit tincidunt suspendisse potent velit</li>
<li>Praesent sit amet rhoncus etiam tristique velit ut felis ultrices pulvinar</li>
<li>Ut elit leo, condimentum consectetur</li>
</ul>
]]></content:encoded>
			<wfw:commentRss>http://lawyer.webtemplatemasters.com/the-privacy-data-protection-and-cybersecurity-law-review-3/feed/</wfw:commentRss>
		<slash:comments>0</slash:comments>
		</item>
		<item>
		<title>Testing The Limits On State Regulation Of Crude Oil By Rail</title>
		<link>http://lawyer.webtemplatemasters.com/testing-the-limits-on-state-regulation-of-crude-oil-by-rail/</link>
		<comments>http://lawyer.webtemplatemasters.com/testing-the-limits-on-state-regulation-of-crude-oil-by-rail/#respond</comments>
		<pubDate>Thu, 15 Jun 2017 15:15:09 +0000</pubDate>
		<dc:creator><![CDATA[David Dorsey]]></dc:creator>
				<category><![CDATA[Publications]]></category>
		<category><![CDATA[Lawyer]]></category>
		<category><![CDATA[Practice]]></category>

		<guid isPermaLink="false">http://lawyer.webtemplatemasters.com/?p=615</guid>
		<description><![CDATA[Quisque consectetur lacinia felis, posumassa fermentum metus nibh, tincidunt luctus hendrerit, iaculis suspendisse potent Praesent sit amet rhoncus nisi. Etiam tristique velit ut felis ultrices pulvinar. Ut elit leo, condimentum consectetur tincidunt malesuada lorem. Phasellus imperdiet risus eget augue fermentum pharetra magna lacus, viverra eu laoreet sed, aliquet orci. Mauris a varius dui.]]></description>
				<content:encoded><![CDATA[<blockquote><p>Quisque consectetur lacinia felis, posumassa fermentum metus nibh, tincidunt luctus hendrerit, iaculis suspendisse potent Praesent sit amet rhoncus nisi. Etiam tristique velit ut felis ultrices pulvinar. Ut elit leo, condimentum consectetur tincidunt malesuada lorem. Phasellus imperdiet risus eget augue fermentum pharetra magna lacus, viverra eu laoreet sed, aliquet orci. Mauris a varius dui.</p></blockquote>
<p>Nullam quis aliquet velit. Mauris elit lacus, pretium pharetra bibendum sit amet, dapibus tincidunt nunc. Donec est metus, blandit id elementum euismod, facilisis quis dolor. Cum sociis natoque penatibus et magnis dis parturient montes, nascetur ridiculus mus. Nunc in risus in turpis consectetur tincidunt at quis ipsum. Duis pharetra volutpat vulputate. Mauris fringilla convallis dolor et aliquet. Nullam vitae sem enim, a sodales velit. Nulla eu magna vel metus rutrum ullamcorper. Phasellus sit amet semper neque. Class aptent taciti sociosqu ad litora torquent per conubia.</p>
<blockquote><p>Amet magna rhoncus, ultrices purus sed, egestas turpis. Suspendisse potenti. Praesent sit amet rhoncus nisi. Etiam tristique velit felis ultrices pulvinar.</p></blockquote>
<p>Quisque consectetur lacinia felis, posumassa fermentum metus nibh, tincidunt luctus hendrerit, iaculis suspendisse potent Praesent sit amet rhoncus nisi. Etiam tristique velit ut felis ultrices pulvinar. Ut elit leo, condimentum consectetur tincidunt malesuada lorem. Phasellus imperdiet risus eget augue fermentum pharetra magna lacus, viverra eu laoreet sed, aliquet orci. Mauris a varius dui.</p>
<ul>
<li>Quisque consectetur lacinia fermentum natoque consectetur</li>
<li>Phasellus imperdiet risus eget augue fermentum</li>
<li>tincidunt luctus hendrerit tincidunt suspendisse potent velit</li>
<li>Praesent sit amet rhoncus etiam tristique velit ut felis ultrices pulvinar</li>
<li>Ut elit leo, condimentum consectetur</li>
</ul>
]]></content:encoded>
			<wfw:commentRss>http://lawyer.webtemplatemasters.com/testing-the-limits-on-state-regulation-of-crude-oil-by-rail/feed/</wfw:commentRss>
		<slash:comments>0</slash:comments>
		</item>
		<item>
		<title>Oil and Gas Industry Favours International Arbitration for Dispute Resolution</title>
		<link>http://lawyer.webtemplatemasters.com/oil-and-gas-industry-favours-international-arbitration-for-dispute-resolution/</link>
		<comments>http://lawyer.webtemplatemasters.com/oil-and-gas-industry-favours-international-arbitration-for-dispute-resolution/#respond</comments>
		<pubDate>Thu, 15 Jun 2017 15:15:09 +0000</pubDate>
		<dc:creator><![CDATA[David Dorsey]]></dc:creator>
				<category><![CDATA[Publications]]></category>
		<category><![CDATA[Lawyer]]></category>
		<category><![CDATA[Practice]]></category>

		<guid isPermaLink="false">http://lawyer.webtemplatemasters.com/?p=614</guid>
		<description><![CDATA[Quisque consectetur lacinia felis, posumassa fermentum metus nibh, tincidunt luctus hendrerit, iaculis suspendisse potent Praesent sit amet rhoncus nisi. Etiam tristique velit ut felis ultrices pulvinar. Ut elit leo, condimentum consectetur tincidunt malesuada lorem. Phasellus imperdiet risus eget augue fermentum pharetra magna lacus, viverra eu laoreet sed, aliquet orci. Mauris a varius dui.]]></description>
				<content:encoded><![CDATA[<p>Quisque consectetur lacinia felis, posumassa fermentum metus nibh, tincidunt luctus hendrerit, iaculis suspendisse potent Praesent sit amet rhoncus nisi. Etiam tristique velit ut felis ultrices pulvinar. Ut elit leo, condimentum consectetur tincidunt malesuada lorem. Phasellus imperdiet risus eget augue fermentum pharetra magna lacus, viverra eu laoreet sed, aliquet orci. Mauris a varius dui.</p>
<p>Nullam quis aliquet velit. Mauris elit lacus, pretium pharetra bibendum sit amet, dapibus tincidunt nunc. Donec est metus, blandit id elementum euismod, facilisis quis dolor. Cum sociis natoque penatibus et magnis dis parturient montes, nascetur ridiculus mus. Nunc in risus in turpis consectetur tincidunt at quis ipsum. Duis pharetra volutpat vulputate. Mauris fringilla convallis dolor et aliquet. Nullam vitae sem enim, a sodales velit. Nulla eu magna vel metus rutrum ullamcorper. Phasellus sit amet semper neque. Class aptent taciti sociosqu ad litora torquent per conubia.</p>
<blockquote><p>Amet magna rhoncus, ultrices purus sed, egestas turpis. Suspendisse potenti. Praesent sit amet rhoncus nisi. Etiam tristique velit felis ultrices pulvinar.</p></blockquote>
<p>Quisque consectetur lacinia felis, posumassa fermentum metus nibh, tincidunt luctus hendrerit, iaculis suspendisse potent Praesent sit amet rhoncus nisi. Etiam tristique velit ut felis ultrices pulvinar. Ut elit leo, condimentum consectetur tincidunt malesuada lorem. Phasellus imperdiet risus eget augue fermentum pharetra magna lacus, viverra eu laoreet sed, aliquet orci. Mauris a varius dui.</p>
<ul>
<li>Quisque consectetur lacinia fermentum natoque consectetur</li>
<li>Phasellus imperdiet risus eget augue fermentum</li>
<li>tincidunt luctus hendrerit tincidunt suspendisse potent velit</li>
<li>Praesent sit amet rhoncus etiam tristique velit ut felis ultrices pulvinar</li>
<li>Ut elit leo, condimentum consectetur</li>
</ul>
]]></content:encoded>
			<wfw:commentRss>http://lawyer.webtemplatemasters.com/oil-and-gas-industry-favours-international-arbitration-for-dispute-resolution/feed/</wfw:commentRss>
		<slash:comments>0</slash:comments>
		</item>
		<item>
		<title>The Privacy, Data Protection and Cybersecurity Law Review</title>
		<link>http://lawyer.webtemplatemasters.com/the-privacy-data-protection-and-cybersecurity-law-review-5/</link>
		<comments>http://lawyer.webtemplatemasters.com/the-privacy-data-protection-and-cybersecurity-law-review-5/#respond</comments>
		<pubDate>Thu, 15 Jun 2017 15:15:09 +0000</pubDate>
		<dc:creator><![CDATA[David Dorsey]]></dc:creator>
				<category><![CDATA[Publications]]></category>
		<category><![CDATA[Lawyer]]></category>
		<category><![CDATA[Practice]]></category>

		<guid isPermaLink="false">http://lawyer.webtemplatemasters.com/?p=613</guid>
		<description><![CDATA[Quisque consectetur lacinia felis, posumassa fermentum metus nibh, tincidunt luctus hendrerit, iaculis suspendisse potent Praesent sit amet rhoncus nisi. Etiam tristique velit ut felis ultrices pulvinar. Ut elit leo, condimentum consectetur tincidunt malesuada lorem. Phasellus imperdiet risus eget augue fermentum pharetra magna lacus, viverra eu laoreet sed, aliquet orci. Mauris a varius dui.]]></description>
				<content:encoded><![CDATA[<p>Quisque consectetur lacinia felis, posumassa fermentum metus nibh, tincidunt luctus hendrerit, iaculis suspendisse potent Praesent sit amet rhoncus nisi. Etiam tristique velit ut felis ultrices pulvinar. Ut elit leo, condimentum consectetur tincidunt malesuada lorem. Phasellus imperdiet risus eget augue fermentum pharetra magna lacus, viverra eu laoreet sed, aliquet orci. Mauris a varius dui.</p>
<p>Nullam quis aliquet velit. Mauris elit lacus, pretium pharetra bibendum sit amet, dapibus tincidunt nunc. Donec est metus, blandit id elementum euismod, facilisis quis dolor. Cum sociis natoque penatibus et magnis dis parturient montes, nascetur ridiculus mus. Nunc in risus in turpis consectetur tincidunt at quis ipsum. Duis pharetra volutpat vulputate. Mauris fringilla convallis dolor et aliquet. Nullam vitae sem enim, a sodales velit. Nulla eu magna vel metus rutrum ullamcorper. Phasellus sit amet semper neque. Class aptent taciti sociosqu ad litora torquent per conubia.</p>
<blockquote><p>Amet magna rhoncus, ultrices purus sed, egestas turpis. Suspendisse potenti. Praesent sit amet rhoncus nisi. Etiam tristique velit felis ultrices pulvinar.</p></blockquote>
<p>Quisque consectetur lacinia felis, posumassa fermentum metus nibh, tincidunt luctus hendrerit, iaculis suspendisse potent Praesent sit amet rhoncus nisi. Etiam tristique velit ut felis ultrices pulvinar. Ut elit leo, condimentum consectetur tincidunt malesuada lorem. Phasellus imperdiet risus eget augue fermentum pharetra magna lacus, viverra eu laoreet sed, aliquet orci. Mauris a varius dui.</p>
<ul>
<li>Quisque consectetur lacinia fermentum natoque consectetur</li>
<li>Phasellus imperdiet risus eget augue fermentum</li>
<li>tincidunt luctus hendrerit tincidunt suspendisse potent velit</li>
<li>Praesent sit amet rhoncus etiam tristique velit ut felis ultrices pulvinar</li>
<li>Ut elit leo, condimentum consectetur</li>
</ul>
]]></content:encoded>
			<wfw:commentRss>http://lawyer.webtemplatemasters.com/the-privacy-data-protection-and-cybersecurity-law-review-5/feed/</wfw:commentRss>
		<slash:comments>0</slash:comments>
		</item>
	</channel>
</rss>